Branch	Semester	Batch	USN	Student Name	Gender	Admission Quota	Admission Type	Actual Category	Seat Category Claimed	Seat Category Alloted	Domicile of State	Domicile Place	CET/COMEDK/DCET Rank
CSE	V	2000	1JB00CS001	Student 1	Male	MANAGEMENT	REGULAR	GM	GM	GM	KARNATAKA	BENGALURU URBAN	
CSE	V	2003	1JB03CS001	Student 2	Female	MANAGEMENT	REGULAR	2A	2A	2A	KARNATAKA		102385
CSE	V	2003	1JB03CS002	Student 3	Male	COMED-K	REGULAR	GM	GM	GM	KARNATAKA	RAMANAGARA	22406
CSE	V	2003	1JB03CS003	Student 4	Male	CET	REGULAR	3B	3B	GM	KARNATAKA		15506
CSE	V	2003	1JB03CS004	Student 5	Male	COMED-K	REGULAR	2A	GM	GM	KARNATAKA	UTTARA KANNADA	25004
CSE	V	2003	1JB03CS005	Student 6	Male	MANAGEMENT	REGULAR	2A	2A	2A	KARNATAKA	BENGALURU URBAN	
CSE	V	2003	1JB03CS006	Student 7	Female	COMED-K	REGULAR	GM	GM	GM	NON-KARNATAKA	MAHARASHTRA	24585
CSE	V	2003	1JB03CS007	Student 8	Male	COMED-K	REGULAR	GM	GM	GM	NON-KARNATAKA	BIHAR	22709
CSE	V	2003	1JB03CS008	Student 9	Male	CET	REGULAR	ST	ST	STG	KARNATAKA	HASSAN	54082
CSE	V	2003	1JB03CS009	Student 10	Female	CET	REGULAR	3B	3BG	GM	KARNATAKA	CHIKKAMANGALURU	14977
CSE	V	2003	1JB03CS010	Student 11	Male	CET	REGULAR	SCG	SCG	SCG	KARNATAKA	CHIKKABALLAPUR	55582
CSE	V	2003	1JB03CS011	Student 12	Female	MANAGEMENT	REGULAR	2A	2A	2A	KARNATAKA	BENGALURU URBAN	
CSE	V	2003	1JB03CS012	Student 13	Female	COMED-K	REGULAR	GM	GM	GM	NON-KARNATAKA	BIHAR	21489
CSE	V	2003	1JB03CS013	Student 14	Male	CET	REGULAR	SCG	SCG	SCG	KARNATAKA	CHIKKABALLAPUR	39162
CSE	V	2003	1JB03CS014	Student 15	Male	COMED-K	REGULAR	3A	GM	GM	KARNATAKA	BENGALURU URBAN	18438
CSE	V	2003	1JB03CS015	Student 16	Male	MANAGEMENT	REGULAR	2A	2A	2A	KARNATAKA	BENGALURU URBAN	
CSE	V	2003	1JB03CS016	Student 17	Male	COMED-K	REGULAR	3B	GM	GM	KARNATAKA		23677
CSE	V	2003	1JB03CS017	Student 18	Female	CET	REGULAR	3A	3A	3A	KARNATAKA	BENGALURU URBAN	13606
CSE	V	2003	1JB03CS018	Student 19	Female	COMED-K	REGULAR	GM	GM	GM	KARNATAKA	BENGALURU URBAN	24693
CSE	V	2003	1JB03CS019	Student 20	Female	CET	REGULAR	3B	3BGR	GMR	KARNATAKA	CHITRADURGA	19348
CSE	V	2003	1JB03CS020	Student 21	Female	COMED-K	REGULAR	GM	GM	GM	NON-KARNATAKA	UTTARPRADESH	24820
CSE	V	2003	1JB03CS021	Student 22	Female	CET	REGULAR	3BG	3BG	3AG	KARNATAKA	BENGALURU URBAN	14688
CSE	V	2003	1JB03CS022	Student 23	Female	CET	REGULAR	2B	2BG	2BG	KARNATAKA	BAGALKOT	20368
CSE	V	2003	1JB03CS023	Student 24	Male	CET	REGULAR	GM	GM	GM	KARNATAKA		13264
CSE	V	2003	1JB03CS024	Student 25	Female	CET	REGULAR	SC	SCG	SCG	KARNATAKA	TUMAKURU	54337
CSE	V	2003	1JB03CS025	Student 26	Male	COMED-K	REGULAR	GM	GM	GM	NON-KARNATAKA	MAHARASHTRA	20376
CSE	V	2003	1JB03CS026	Student 27	Female	CET	REGULAR	3A	3AG	GM	KARNATAKA	TUMAKURU	14643
CSE	V	2003	1JB03CS027	Student 28	Female	MANAGEMENT	REGULAR	3A	3A	3A	KARNATAKA		73195
CSE	V	2003	1JB03CS028	Student 29	Female	MANAGEMENT	REGULAR	3B	3B	3B	KARNATAKA	BENGALURU URBAN	76836
CSE	V	2003	1JB03CS029	Student 30	Male	CET	REGULAR	SC	SCGR	SCR	KARNATAKA	CHIKKAMANGALURU	57672
CSE	V	2003	1JB03CS030	Student 31	Male	CET	REGULAR	3A	GM	3AG	KARNATAKA	TUMAKURU	14486
CSE	V	2003	1JB03CS031	Student 32	Male	MANAGEMENT	REGULAR	3A	3A	3A	KARNATAKA	BENGALURU URBAN	35597
CSE	V	2003	1JB03CS032	Student 33	Male	COMED-K	REGULAR	GM	GM	GM	KARNATAKA		20797
CSE	V	2003	1JB03CS033	Student 34	Female	MANAGEMENT	REGULAR	1G	1G	1G	KARNATAKA	BENGALURU URBAN	
CSE	V	2003	1JB03CS034	Student 35	Female	CET	REGULAR	3A	3AGH	GM	KARNATAKA	BELLARY	15173
CSE	V	2003	1JB03CS035	Student 36	Male	CET	REGULAR	3B	3BG	3BG	KARNATAKA		18034
CSE	V	2003	1JB03CS036	Student 37	Male	MANAGEMENT	REGULAR	3A	3A	3A	KARNATAKA	BENGALURU URBAN	133040
CSE	V	2003	1JB03CS037	Student 38	Male	CET	REGULAR	SC	SC	SCG	KARNATAKA	BENGALURU URBAN	55393
CSE	V	2003	1JB03CS038	Student 39	Male	COMED-K	REGULAR	GM	GM	GM	KARNATAKA	BENGALURU URBAN	21430
CSE	V	2003	1JB03CS039	Student 40	Male	CET	REGULAR	SC	SCG	SCG	KARNATAKA	BENGALURU URBAN	27246
CSE	V	2003	1JB03CS040	Student 41	Male	CET	REGULAR	GM	GM	GM	KARNATAKA	KOLAR	14292
CSE	V	2003	1JB03CS041	Student 42	Female	CET	REGULAR	2A	2A	2A	KARNATAKA	CHITRADURGA	19369
CSE	V	2003	1JB03CS042	Student 43	Female	CET	REGULAR	2A	2A	2A	KARNATAKA		20752
CSE	V	2003	1JB03CS043	Student 44	Female	MANAGEMENT	REGULAR	3B	3B	3B	KARNATAKA	0	
CSE	V	2003	1JB03CS044	Student 45	Female	CET	REGULAR	3A	3A	3A	KARNATAKA	BENGALURU URBAN	12713
CSE	V	2003	1JB03CS045	Student 46	Male	CET	REGULAR	GM	GM	GM	KARNATAKA	KODAGU	14437
CSE	V	2003	1JB03CS046	Student 47	Female	CET	REGULAR	ST	STGH	STH	KARNATAKA	VIJAYANAGARA	65816
CSE	V	2003	1JB03CS047	Student 48	Male	MANAGEMENT	REGULAR	GM	GM	GM	KARNATAKA	BENGALURU URBAN	
CSE	V	2003	1JB03CS048	Student 49	Female	COMED-K	REGULAR	3A	3A	3A	KARNATAKA	BELLARY	33751
CSE	V	2003	1JB03CS049	Student 50	Male	CET	REGULAR	2A	2AGR	2AR	KARNATAKA	SHIVAMOGGA	29589
CSE	V	2003	1JB03CS050	Student 51	Male	COMED-K	REGULAR	GM	GM	GM	KARNATAKA	0	20464
CSE	V	2003	1JB03CS051	Student 52	Female	COMED-K	REGULAR	2A	2A	GM	KARNATAKA	BENGALURU URBAN	21687
CSE	V	2003	1JB03CS052	Student 53	Male	COMED-K	REGULAR	SC	SC	SC	KARNATAKA		21422
CSE	V	2003	1JB03CS053	Student 54	Male	CET	REGULAR	SC	SCG	SCG	KARNATAKA	BENGALURU RURAL	40107
CSE	V	2003	1JB03CS054	Student 55	Female	COMED-K	REGULAR	3B	3BG	3BG	KARNATAKA	BENGALURU URBAN	23726
CSE	V	2003	1JB03CS055	Student 56	Male	CET	REGULAR	2A	2AR	2AR	KARNATAKA	CHITRADURGA	23941
CSE	V	2003	1JB03CS056	Student 57	Male	COMED-K	REGULAR	2A	GM	GM	KARNATAKA	BENGALURU URBAN	20757
CSE	V	2003	1JB03CS057	Student 58	Male	MANAGEMENT	REGULAR	3A	GM	GM	KARNATAKA	BENGALURU URBAN	112100
CSE	V	2003	1JB03CS058	Student 59	Female	MANAGEMENT	REGULAR	3A	3A	3A	KARNATAKA		
CSE	V	2003	1JB03CS059	Student 60	Female	CET	REGULAR	ST	ST	ST	KARNATAKA		62660
CSE	V	2003	1JB03CS060	Student 61	Female	CET	REGULAR	3A	3AGR	GMR	KARNATAKA	RAMANAGARA	16356
CSE	V	2003	1JB03CS061	Student 62	Female	CET	REGULAR	3A	3AGR	GM	KARNATAKA	MANDYA	15055
CSE	V	2003	1JB03CS062	Student 63	Male	MANAGEMENT	REGULAR	3A	3A	3A	KARNATAKA	0	
CSE	V	2003	1JB03CS063	Student 64	Female	COMED-K	REGULAR	3A	3A	3A	KARNATAKA	BENGALURU URBAN	24224
CSE	V	2003	1JB03CS064	Student 65	Male	CET	REGULAR	3B	3BGH	GMH	KARNATAKA	BELLARY	17300
CSE	V	2003	1JB03CS065	Student 66	Female	MANAGEMENT	REGULAR	GM	GM	GM	KARNATAKA	BENGALURU URBAN	
CSE	V	2003	1JB03CS066	Student 67	Male	COMED-K	REGULAR	GM	GM	GM	NON-KARNATAKA	PANJUB	21518
CSE	V	2003	1JB03CS067	Student 68	Female	MANAGEMENT	REGULAR	3A	3A	3A	KARNATAKA	BENGALURU URBAN	129692
CSE	V	2003	1JB03CS068	Student 69	Female	CET	REGULAR	3A	3AG	GM	KARNATAKA	BENGALURU URBAN	16345
CSE	V	2003	1JB03CS069	Student 70	Male	MANAGEMENT	REGULAR	3B	3B	3B	KARNATAKA	BENGALURU RURAL	117655
CSE	V	2003	1JB03CS070	Student 71	Male	COMED-K	REGULAR	3B	GM	GM	KARNATAKA	BENGALURU URBAN	23946
CSE	V	2003	1JB03CS071	Student 72	Male	CET	REGULAR	SC	SCK	SCK	KARNATAKA	BIDAR	70082
CSE	V	2003	1JB03CS072	Student 73	Male	COMED-K	REGULAR	GM	GM	GM	NON-KARNATAKA	DELHI	24913
CSE	V	2003	1JB03CS073	Student 74	Female	CET	REGULAR	SC	SCG	SCG	KARNATAKA	BENGALURU URBAN	48816
CSE	V	2003	1JB03CS074	Student 75	Male	COMED-K	REGULAR	GM	GM	GM	NON-KARNATAKA	MADHYAPRADESH	21772
CSE	V	2003	1JB03CS075	Student 76	Female	CET	REGULAR	3A	3AG	GM	KARNATAKA	BENGALURU URBAN	14205
CSE	V	2003	1JB03CS076	Student 77	Male	COMED-K	REGULAR	GM	GM	GM	KARNATAKA		23508
CSE	V	2003	1JB03CS077	Student 78	Male	COMED-K	REGULAR	3A	GM	GM	KARNATAKA	BENGALURU URBAN	21379
CSE	V	2003	1JB03CS078	Student 79	Female	MANAGEMENT	REGULAR	3A	3A	3A	KARNATAKA		
CSE	V	2003	1JB03CS079	Student 80	Female	CET	REGULAR	2A	2AG	2AG	KARNATAKA	BAGALKOT	20986
CSE	V	2003	1JB03CS080	Student 81	Female	MANAGEMENT	REGULAR	3A	3A	3A	KARNATAKA	BENGALURU URBAN	
CSE	V	2003	1JB03CS081	Student 82	Male	CET	REGULAR	3A	3AG	GM	KARNATAKA	CHIKKABALLAPUR	15807
CSE	V	2003	1JB03CS082	Student 83	Male	CET	REGULAR	3A	3AG	GM	KARNATAKA		16405
CSE	V	2003	1JB03CS083	Student 84	Female	CET-SNQ	REGULAR	3A	3A	3A	KARNATAKA	BENGALURU URBAN	12827
CSE	V	2003	1JB03CS084	Student 85	Male	MANAGEMENT	REGULAR	3B	3B	3B	KARNATAKA	BENGALURU URBAN	
CSE	V	2003	1JB03CS085	Student 86	Male	COMED-K	REGULAR	3A	GM	GM	KARNATAKA	KOLAR	18203
CSE	V	2003	1JB03CS086	Student 87	Male	COMED-K	REGULAR	GM	GM	GM	NON-KARNATAKA	JAMMU & KASMIR	21488
CSE	V	2003	1JB03CS087	Student 88	Male	CET	REGULAR	3AGR	3AGR	GMR	KARNATAKA		18661
CSE	V	2003	1JB03CS088	Student 89	Male	MANAGEMENT	REGULAR	3A	3A	0	KARNATAKA		52646
CSE	V	2003	1JB03CS089	Student 90	Male	CET-SNQ	REGULAR	3B	3B	3B	KARNATAKA	HASSAN	12522
CSE	V	2003	1JB03CS090	Student 91	Female	CET-SNQ	REGULAR	3A	3AG	SNQ	KARNATAKA	CHIKKABALLAPUR	14042
CSE	V	2003	1JB03CS091	Student 92	Female	CET	REGULAR	SCG	SCG	SCG	KARNATAKA	RAMANAGARA	51674
CSE	V	2003	1JB03CS092	Student 93	Male	CET	REGULAR	ST	STG	STG	KARNATAKA	CHIKKABALLAPUR	61840
CSE	V	2003	1JB03CS093	Student 94	Female	CET	REGULAR	3A	3AG	3AG	KARNATAKA	BENGALURU URBAN	17463
CSE	V	2003	1JB03CS094	Student 95	Male	MANAGEMENT	REGULAR	3A	3A	3A	KARNATAKA		133256
CSE	V	2003	1JB03CS095	Student 96	Male	MANAGEMENT	REGULAR	3A	3A	3A	KARNATAKA	BENGALURU URBAN	
CSE	V	2003	1JB03CS096	Student 97	Female	COMED-K	REGULAR	3A	3A	3A	KARNATAKA	BENGALURU URBAN	22217
CSE	V	2003	1JB03CS097	Student 98	Female	MANAGEMENT	REGULAR	3B	3B	3B	KARNATAKA		
CSE	V	2003	1JB03CS098	Student 99	Female	MANAGEMENT	REGULAR	3A	3A	3A	KARNATAKA	CHIKKAMANGALURU	
CSE	V	2003	1JB03CS099	Student 100	Male	CET	REGULAR	3B	3B	3BR	KARNATAKA	TUMAKURU	19403
CSE	V	2003	1JB03CS100	Student 101	Male	MANAGEMENT	REGULAR	GM	GM	GM	KARNATAKA		83364
CSE	V	2003	1JB03CS101	Student 102	Male	CET	REGULAR	2A	2AK	2AK	KARNATAKA		25086
CSE	V	2003	1JB03CS102	Student 103	Female	CET	REGULAR	2AG	2AG	2AG	KARNATAKA	BENGALURU URBAN	16197
CSE	V	2003	1JB03CS103	Student 104	Female	COMED-K	REGULAR	GM	GM	GM	KARNATAKA		16449
CSE	V	2003	1JB03CS104	Student 105	Female	CET-SNQ	REGULAR	3A	3AG	3AG	KARNATAKA	BENGALURU URBAN	12817
CSE	V	2003	1JB03CS105	Student 106	Male	MANAGEMENT	REGULAR	3A	3A	3A	KARNATAKA	BENGALURU URBAN	
CSE	V	2003	1JB03CS106	Student 107	Male	CET	REGULAR	SC	SC	SC	KARNATAKA	BENGALURU URBAN	44064
CSE	V	2003	1JB03CS107	Student 108	Male	CET	REGULAR	ST	STGH	STG	KARNATAKA	BELLARY	45662
CSE	V	2003	1JB03CS108	Student 109	Male	CET	REGULAR	GM	GM	GM	KARNATAKA	BENGALURU URBAN	16059
CSE	V	2003	1JB03CS109	Student 110	Male	CET	REGULAR	SC	SCGH	SCH	KARNATAKA	BIDAR	56091
CSE	V	2003	1JB03CS110	Student 111	Female	CET	REGULAR	2A	2AG	2AG	KARNATAKA	CHIKKABALLAPUR	20999
CSE	V	2003	1JB03CS111	Student 112	Male	MANAGEMENT	REGULAR	3A	3A	3A	KARNATAKA		
CSE	V	2003	1JB03CS112	Student 113	Female	CET	REGULAR	3AG	3AG	GM	KARNATAKA		14826
CSE	V	2003	1JB03CS113	Student 114	Male	MANAGEMENT	REGULAR	3B	3B	3B	KARNATAKA	CHITRADURGA	
CSE	V	2003	1JB03CS114	Student 115	Male	CET	REGULAR	SC	SCG	SCG	KARNATAKA	GULBARGA	54416
CSE	V	2003	1JB03CS115	Student 116	Male	MANAGEMENT	REGULAR	3B	3B	3B	KARNATAKA		
CSE	V	2003	1JB03CS116	Student 117	Male	CET	REGULAR	2AG	2AG	2AG	KARNATAKA		15962
CSE	V	2003	1JB03CS117	Student 118	Female	CET	REGULAR	3B	3B	3BG	KARNATAKA	MANDYA	13255
CSE	V	2003	1JB03CS118	Student 119	Male	COMED-K	REGULAR	GM	GM	GM	KARNATAKA		21258
CSE	V	2003	1JB03CS119	Student 120	Female	MANAGEMENT	REGULAR	GM	GM	GM	KARNATAKA		
CSE	V	2003	1JB03CS120	Student 121	Male	MANAGEMENT	REGULAR	3A	3A	3A	KARNATAKA	TUMAKURU	
CSE	V	2003	1JB03CS121	Student 122	Male	COMED-K	REGULAR	GM	GM	GM	KARNATAKA		23263
CSE	V	2003	1JB03CS122	Student 123	Female	CET	REGULAR	3A	3AGR	GMR	KARNATAKA	HASSAN	19601G55
CSE	V	2003	1JB03CS123	Student 124	Male	CET	REGULAR	3B	3BG	GM	KARNATAKA	BENGALURU URBAN	14490
CSE	V	2003	1JB03CS124	Student 125	Female	CET	REGULAR	2B	2BG	2BG	KARNATAKA	UTTARA KANNADA	23748
CSE	V	2003	1JB03CS125	Student 126	Female	CET	REGULAR	2A	2A	GM	KARNATAKA	BENGALURU URBAN	14123
CSE	V	2003	1JB03CS126	Student 127	Female	COMED-K	REGULAR	GM	GM	GM	KARNATAKA	BENGALURU URBAN	13915
CSE	V	2003	1JB03CS127	Student 128	Female	COMED-K	REGULAR	GM	GM	GM	KARNATAKA	BENGALURU URBAN	24189
CSE	V	2003	1JB03CS128	Student 129	Male	COMED-K	REGULAR	GM	GM	GM	NON-KARNATAKA	BIHAR	21775
CSE	V	2003	1JB03CS129	Student 130	Female	MANAGEMENT	REGULAR	3A	3A	3A	KARNATAKA	KOLAR	107501
CSE	V	2003	1JB03CS130	Student 131	Female	CET	REGULAR	2AG	2AG	2AG	KARNATAKA		18977
CSE	V	2003	1JB03CS131	Student 132	Male	CET-SNQ	REGULAR	3B	3BGR	3AGR	KARNATAKA	SHIVAMOGGA	10813
CSE	V	2003	1JB03CS132	Student 133	Female	COMED-K	REGULAR	2A	GM	GM	NON-KARNATAKA	BIHAR	24381
CSE	V	2003	1JB03CS133	Student 134	Male	CET	REGULAR	2A	2AGH	2AGH	KARNATAKA	RAICHUR	22451
CSE	V	2003	1JB03CS134	Student 135	Male	CET-SNQ	REGULAR	3B	3BGH	SNQ	KARNATAKA	RAICHUR	12704
CSE	V	2003	1JB03CS135	Student 136	Male	CET	REGULAR	3A	3AG	3AG	KARNATAKA	BENGALURU URBAN	27941
CSE	V	2003	1JB03CS136	Student 137	Male	CET	REGULAR	3A	3AG	GM	KARNATAKA	BENGALURU URBAN	14195
CSE	V	2003	1JB03CS137	Student 138	Male	CET	REGULAR	2AG	2AG	2AG	KARNATAKA	BENGALURU URBAN	18234
CSE	V	2003	1JB03CS138	Student 139	Male	CET	REGULAR	3A	3AG	3AG	KARNATAKA		17540
CSE	V	2003	1JB03CS139	Student 140	Male	COMED-K	REGULAR	GM	GM	GM	NON-KARNATAKA	BIHAR	22209
CSE	V	2003	1JB03CS140	Student 141	Female	CET	REGULAR	2A	2AGRK	GMK	KARNATAKA	BAGALKOT	23632
CSE	V	2003	1JB03CS141	Student 142	Male	MANAGEMENT	REGULAR	GM	GM	GM	KARNATAKA		
CSE	V	2003	1JB03CS142	Student 143	Female	MANAGEMENT	REGULAR	3A	3A	3A	KARNATAKA	BENGALURU URBAN	157966
CSE	V	2003	1JB03CS143	Student 144	Female	MANAGEMENT	REGULAR	3B	3B	3B	KARNATAKA		
CSE	V	2003	1JB03CS144	Student 145	Male	COMED-K	REGULAR	GM	GM	GM	KARNATAKA		23433
CSE	V	2003	1JB03CS145	Student 146	Male	MANAGEMENT	REGULAR	GM	GM	GM	NON-KARNATAKA	ODISHA	
CSE	V	2003	1JB03CS146	Student 147	Male	CET	REGULAR	2A	2AG	2AG	KARNATAKA	MANDYA	19918
CSE	V	2003	1JB03CS147	Student 148	Male	COMED-K	REGULAR	3B	3B	3B	KARNATAKA		20758
CSE	V	2003	1JB03CS148	Student 149	Male	COMED-K	REGULAR	GM	GM	GM	NON-KARNATAKA	BIHAR	23197
CSE	V	2003	1JB03CS149	Student 150	Female	COMED-K	REGULAR	3A	GM	GM	KARNATAKA	BENGALURU URBAN	17229
CSE	V	2003	1JB03CS150	Student 151	Male	COMED-K	REGULAR	3B	3B	3B	KARNATAKA		22810
CSE	V	2003	1JB03CS151	Student 152	Female	CET	REGULAR	3A	GM	GM	KARNATAKA	MANDYA	13921
CSE	V	2003	1JB03CS152	Student 153	Female	CET	REGULAR	3A	GMR	GMR	KARNATAKA	HASSAN	17370
CSE	V	2003	1JB03CS153	Student 154	Male	MANAGEMENT	REGULAR	GM	GM	GM	KARNATAKA		110530
CSE	V	2003	1JB03CS154	Student 155	Male	CET	REGULAR	2A	2AGH	GMH	KARNATAKA	GULBARGA	16991
CSE	V	2003	1JB03CS155	Student 156	Male	COMED-K	REGULAR	3B	3B	3B	KARNATAKA		24851
CSE	V	2003	1JB03CS156	Student 157	Male	CET	REGULAR	3A	3AG	GM	KARNATAKA	SHIVAMOGGA	15815
CSE	V	2003	1JB03CS157	Student 158	Male	COMED-K	REGULAR	GM	GM	HK	KARNATAKA	RAICHUR	42020
CSE	V	2003	1JB03CS158	Student 159	Male	CET	REGULAR	GM	GM	GM	KARNATAKA	BENGALURU URBAN	14937
CSE	V	2003	1JB03CS159	Student 160	Male	COMED-K	REGULAR	GM	GM	GM	NON-KARNATAKA		21905
CSE	V	2003	1JB03CS160	Student 161	Male	COMED-K	REGULAR	GM	GM	GM	NON-KARNATAKA	BIHAR	23591
CSE	V	2003	1JB03CS161	Student 162	Male	COMED-K	REGULAR	HK	HK	HK	KARNATAKA	BENGALURU URBAN	43018
CSE	V	2003	1JB03CS162	Student 163	Male	COMED-K	REGULAR	GM	GM	GM	KARNATAKA	BENGALURU URBAN	24383
CSE	V	2003	1JB03CS163	Student 164	Male	CET	REGULAR	3BR	3BR	3BR	KARNATAKA		20293
CSE	V	2003	1JB03CS164	Student 165	Male	CET	REGULAR	1G	1G	1G	KARNATAKA	BENGALURU URBAN	18674
CSE	V	2003	1JB03CS165	Student 166	Female	MANAGEMENT	REGULAR	3B	3B	3B	KARNATAKA		
CSE	V	2003	1JB03CS166	Student 167	Male	MANAGEMENT	REGULAR	SC	SC	SC	KARNATAKA		
CSE	V	2003	1JB03CS167	Student 168	Female	CET-SNQ	REGULAR	GM	GM	GM	KARNATAKA	BENGALURU URBAN	12982
CSE	V	2003	1JB03CS168	Student 169	Male	MANAGEMENT	REGULAR	2A	2A	2A	KARNATAKA		
CSE	V	2003	1JB03CS169	Student 170	Male	CET	REGULAR	2A	2AG	2AG	KARNATAKA	KOLAR	19242
CSE	V	2003	1JB03CS170	Student 171	Male	COMED-K	REGULAR	GM	GM	GM	KARNATAKA		26-08-2023
CSE	V	2003	1JB03CS171	Student 172	Female	CET	REGULAR	1GH	1GH	1G	KARNATAKA	GULBARGA	18960
CSE	V	2003	1JB03CS172	Student 173	Female	CET	REGULAR	3AG	3AG	GM	KARNATAKA	BENGALURU URBAN	15784
CSE	V	2003	1JB03CS173	Student 174	Male	CET	REGULAR	3A	GM	GM	KARNATAKA	BENGALURU URBAN	16637
CSE	V	2003	1JB03CS174	Student 175	Male	CET	REGULAR	3BG	3BG	GM	KARNATAKA	DAVANAGERE	14526
CSE	V	2003	1JB03CS175	Student 176	Male	COMED-K	REGULAR	3B	3B	GM	KARNATAKA		19674
CSE	V	2003	1JB03CS176	Student 177	Male	CET	REGULAR	2AG	2AG	2AG	KARNATAKA	CHAMARAJANAGAR	18292
CSE	V	2003	1JB03CS177	Student 178	Male	MANAGEMENT	REGULAR	2A	2A	2A	KARNATAKA		202940
CSE	V	2003	1JB03CS178	Student 179	Male	MANAGEMENT	REGULAR	3A	3A	3A	KARNATAKA	RAMANAGARA	
CSE	V	2003	1JB03CS179	Student 180	Female	MANAGEMENT	REGULAR	3A	3A	3A	KARNATAKA	SHIVAMOGGA	41791
CSE	V	2003	1JB03CS180	Student 181	Male	CET	REGULAR	3B	3BG	3BG	KARNATAKA	GADAG	17690
CSE	V	2003	1JB03CS181	Student 182	Female	MANAGEMENT	REGULAR	2A	2A	2A	KARNATAKA	MANDYA	
CSE	V	2003	1JB03CS182	Student 183	Male	COMED-K	REGULAR	GM	GM	GM	KARNATAKA		22195
CSE	V	2003	1JB03CS183	Student 184	Male	CET	REGULAR	3AGR	GM	GM	KARNATAKA	MANDYA	14742
CSE	V	2003	1JB03CS184	Student 185	Male	COMED-K	REGULAR	GM	GM	GM	NON-KARNATAKA	ANDRA PRADESH	24117
CSE	V	2003	1JB03CS185	Student 186	Male	CET	REGULAR	3BG	3BG	3BG	KARNATAKA	BELGAUM	32290
CSE	V	2003	1JB03CS186	Student 187	Female	COMED-K	REGULAR	3B	3B	3B	KARNATAKA		37081
CSE	V	2003	1JB03CS187	Student 188	Male	CET	REGULAR	3B	GM	GM	KARNATAKA	BENGALURU URBAN	29412
CSE	V	2003	1JB03CS188	Student 189	Male	COMED-K	REGULAR	3A	GM	GM	KARNATAKA	BENGALURU URBAN	41766
CSE	V	2003	1JB03CS189	Student 190	Male	DIPLOMA  CET	REGULAR	2A	GM	GM	KARNATAKA	MANDYA	2131
CSE	V	2003	1JB03CS190	Student 191	Male	DIPLOMA  CET	REGULAR	2B	2B	2BG	KARNATAKA	BENGALURU URBAN	4030
CSE	V	2003	1JB03CS191	Student 192	Female	DIPLOMA  CET	REGULAR	3A	GM	GM	KARNATAKA	BENGALURU URBAN	3240
CSE	V	2003	1JB03CS192	Student 193	Male	DIPLOMA  CET	REGULAR	2A	2AGRK	2AGRK	KARNATAKA	SHIVAMOGGA	7190
CSE	V	2003	1JB03CS193	Student 194	Female	DIPLOMA  CET	REGULAR	2A	2AGR	2AGR	KARNATAKA	CHIKKABALLAPUR	1305
CSE	V	2003	1JB03CS194	Student 195	Male	DIPLOMA  CET	REGULAR	3AG	GM	GM	KARNATAKA	BENGALURU URBAN	2768
CSE	V	2003	1JB03CS195	Student 196	Male	DIPLOMA  CET	REGULAR	2A	2A	2AG	KARNATAKA	0	3533
CSE	V	2003	1JB03CS196	Student 197	Male	DIPLOMA  CET	REGULAR	3B	3BG	GM	KARNATAKA	0	3234
CSE	V	2003	1JB03CS197	Student 198	Male	DIPLOMA  CET	REGULAR	3A	3AG	3AG	KARNATAKA		2895
CSE	V	2003	1JB03CS198	Student 199	Male	DIPLOMA  CET	REGULAR	SC	SCG	SCG	KARNATAKA	RAMANAGARA	13884
CSE	V	2003	1JB03CS199	Student 200	Female	DIPLOMA  CET	REGULAR	3A	GM	GM	KARNATAKA	TUMAKURU	3298
CSE	V	2003	1JB03CS200	Student 201	Male	DIPLOMA  CET	REGULAR	3B	3B	3B	KARNATAKA	0	3215
CSE	V	2003	1JB03CS201	Student 202	Male	DIPLOMA  CET	REGULAR	SC	SC	SCG	KARNATAKA	SHIVAMOGGA	8319
CSE	V	2003	1JB03CS202	Student 203	Female	DIPLOMA  CET	REGULAR	3B	3BG	3BG	KARNATAKA	SHIVAMOGGA	3660
CSE	V	2003	1JB03CS203	Student 204	Male	DIPLOMA  CET	REGULAR	2AGR	GMR	GMR	KARNATAKA	RAMANAGARA	3386
CSE	V	2003	1JB03CS195	Student 196	Male	DIPLOMA  CET	REGULAR	2A	2A	2AG	KARNATAKA	0	3533
CSE	V	2003	1JB03CS196	Student 197	Male	DIPLOMA  CET	REGULAR	3B	3BG	GM	KARNATAKA	0	3234
CSE	V	2003	1JB03CS197	Student 198	Male	DIPLOMA  CET	REGULAR	3A	3AG	3AG	KARNATAKA		2895
CSE	V	2003	1JB03CS198	Student 199	Male	DIPLOMA  CET	REGULAR	SC	SCG	SCG	KARNATAKA	RAMANAGARA	13884
CSE	V	2003	1JB03CS199	Student 200	Female	DIPLOMA  CET	REGULAR	3A	GM	GM	KARNATAKA	TUMAKURU	3298
CSE	V	2003	1JB03CS200	Student 201	Male	DIPLOMA  CET	REGULAR	3B	3B	3B	KARNATAKA	0	3215
CSE	V	2003	1JB03CS201	Student 202	Male	DIPLOMA  CET	REGULAR	SC	SC	SCG	KARNATAKA	SHIVAMOGGA	8319
CSE	V	2003	1JB03CS202	Student 203	Female	DIPLOMA  CET	REGULAR	3B	3BG	3BG	KARNATAKA	SHIVAMOGGA	3660
CSE	V	2003	1JB03CS203	Student 204	Male	DIPLOMA  CET	REGULAR	2AGR	GMR	GMR	KARNATAKA	RAMANAGARA	3386
